{"$schema":"http://schema.management.azure.com/schemas/2015-01-01/deploymentTemplate.json#","contentVersion":"1.0.0.0","parameters":{},"variables":{},"resources":[{"name":"pl_cdsa_poc","type":"pipelines","apiVersion":"2018-06-01","properties":{"activities":[{"name":"clnt_receive_data_file","type":"TridentNotebook","dependsOn":[{"activity":"ops_begin_batch","dependencyConditions":["Succeeded"]}],"policy":{"timeout":"0.12:00:00","retry":0,"retryIntervalInSeconds":30,"secureOutput":false,"secureInput":false},"typeProperties":{"notebookId":"56d38224-4292-4207-9509-0e1ee347b82d","workspaceId":"52b72164-8597-4107-9eb5-78a8f32516dc"}},{"name":"run_stage_load","type":"TridentNotebook","dependsOn":[{"activity":"clnt_receive_data_file","dependencyConditions":["Succeeded"]}],"policy":{"timeout":"0.12:00:00","retry":0,"retryIntervalInSeconds":30,"secureOutput":false,"secureInput":false},"typeProperties":{"notebookId":"dea954a2-f31f-4bf1-9807-b45d0393462a","workspaceId":"52b72164-8597-4107-9eb5-78a8f32516dc"}},{"name":"ops_begin_batch","type":"TridentNotebook","dependsOn":[],"policy":{"timeout":"0.12:00:00","retry":0,"retryIntervalInSeconds":30,"secureOutput":false,"secureInput":false},"typeProperties":{"notebookId":"09c4c670-ca30-4282-b385-5a830f7228c6","workspaceId":"52b72164-8597-4107-9eb5-78a8f32516dc"}}],"lastModifiedByObjectId":"ca50963f-3b88-4e0d-a7a9-f41736d657ea","lastPublishTime":"2025-10-27T14:32:40Z"},"dependsOn":[]}]}